first_name,last_name,email,regional center,local section,licence
Herculie,Tute,htute0@behance.net,Regional Center 1,section e,k7Qgw5Oovx
Selinda,Fewster,sfewster1@gizmodo.com,Regional Center 2,section e,I9wvy9mjaA
Pandora,Baillie,pbaillie2@ucoz.com,Regional Center 3,section b,Cndj2e70J3
Tyler,Boome,tboome3@telegraph.co.uk,Regional Center 4,section f,SebhqT44KA
Tricia,Baynam,tbaynam4@51.la,Regional Center 5,section d,XES1vXG0GZ
Trude,Delaprelle,tdelaprelle5@whitehouse.gov,Regional Center 6,section d,HKpzVrk9HT
Ninnetta,Challice,nchallice6@unc.edu,Regional Center 7,section a,9484Bza0H6
Stanford,Cowins,scowins7@meetup.com,Regional Center 8,section c,27Glm8pylD
Tomlin,Allsepp,tallsepp8@ted.com,Regional Center 9,section f,d2fbs172G9
Stephan,Cersey,scersey9@wired.com,Regional Center 10,section e,o72x1Y4KtU
Constantin,Staig,cstaiga@github.io,Regional Center 1,section f,1Bsnc5f5KZ
Lorianne,Ville,lvilleb@vimeo.com,Regional Center 2,section c,MoyR75jg1d
Delainey,Furtado,dfurtadoc@cdc.gov,Regional Center 3,section e,Xcx7aT4d6G
Kalle,Tindall,ktindalld@networkadvertising.org,Regional Center 4,section f,a5eKXBWOEg
Darcy,De Dei,ddedeie@eepurl.com,Regional Center 5,section a,r006F92yAt
Idaline,Mosconi,imosconif@google.it,Regional Center 6,section a,q50EvLihRW
Elaina,Rzehorz,erzehorzg@e-recht24.de,Regional Center 7,section c,xE1GkMDIia
Sherrie,Siley,ssileyh@indiatimes.com,Regional Center 8,section a,AM6lVQ3KFo
Derry,Sends,dsendsi@latimes.com,Regional Center 9,section c,3wWDz0o640
Monro,Barson,mbarsonj@list-manage.com,Regional Center 10,section c,5B3YJQxzJZ
Wain,Wayne,wwaynek@sciencedaily.com,Regional Center 1,section f,2HbXC0Y81k
Harmon,Sidwell,hsidwelll@java.com,Regional Center 2,section e,THKQB17LZE
Conni,Lutty,cluttym@accuweather.com,Regional Center 3,section b,0L5KdObH3A
Roscoe,Cradoc,rcradocn@netscape.com,Regional Center 4,section f,R8x6OOxRuO
Phylys,Arniz,parnizo@live.com,Regional Center 5,section f,5iywcOKw0S
Correna,Gledhill,cgledhillp@yahoo.co.jp,Regional Center 6,section b,7vg7iAZm6Y
Anallese,Cawsy,acawsyq@de.vu,Regional Center 7,section c,U7rdJ2G2kn
Pegeen,Klemps,pklempsr@gravatar.com,Regional Center 8,section b,4Y06zzZrxz
Linnet,Stanyard,lstanyards@salon.com,Regional Center 9,section a,XzlspBmq79
Lynea,Arnold,larnoldt@slashdot.org,Regional Center 10,section e,98TE6Vt21R
Kip,Bohills,kbohillsu@businessweek.com,Regional Center 1,section e,jP8ooVAw17
Caterina,Dubble,cdubblev@chronoengine.com,Regional Center 2,section a,fk2K1e4VW3
Barnard,Huleatt,bhuleattw@creativecommons.org,Regional Center 3,section d,6FLr2dSDPz
Theda,Lamprecht,tlamprechtx@behance.net,Regional Center 4,section c,wZloEsPfg4
Haley,Eddington,heddingtony@mail.ru,Regional Center 5,section e,518SI5D398
Nevile,Pembery,npemberyz@issuu.com,Regional Center 6,section b,UQyvcMseEb
Matilda,Aickin,maickin10@macromedia.com,Regional Center 7,section c,PhxGrPnd9e
Karie,Selliman,kselliman11@geocities.com,Regional Center 8,section e,n0E9E774P8
Suzann,Eyes,seyes12@bloglovin.com,Regional Center 9,section c,xIhg9fHN9n
Schuyler,Thumim,sthumim13@scribd.com,Regional Center 10,section c,9NhdY69Zbn
Chico,Venour,cvenour14@sohu.com,Regional Center 1,section b,R0Dv75rp3V
Syd,Capoun,scapoun15@trellian.com,Regional Center 2,section a,Quq6vZ54EV
Freeland,Sherrell,fsherrell16@dell.com,Regional Center 3,section d,Ivq1G5Rfve
Naomi,Braysher,nbraysher17@rakuten.co.jp,Regional Center 4,section e,623yC8N821
Padraic,Cakebread,pcakebread18@wunderground.com,Regional Center 5,section d,EdQ2Fi8AeV
Virgina,Sneller,vsneller19@usnews.com,Regional Center 6,section e,1L3LY1NXeP
Sharline,Dibbin,sdibbin1a@trellian.com,Regional Center 7,section e,RkSelyi8S2
Lina,Ewan,lewan1b@chron.com,Regional Center 8,section e,n4aEOwS5R6
Jordon,Grafhom,jgrafhom1c@nih.gov,Regional Center 9,section f,PFr90kK2i9
Darn,Balf,dbalf1d@abc.net.au,Regional Center 10,section a,K9A3o9CZ13
Jere,Collet,jcollet1e@wp.com,Regional Center 1,section f,bK8X4qp72K
Blancha,Swatheridge,bswatheridge1f@surveymonkey.com,Regional Center 2,section a,If7BM6UkAJ
Clevey,Mazin,cmazin1g@salon.com,Regional Center 3,section e,v3TkTwPG1X
Fleur,Noton,fnoton1h@dropbox.com,Regional Center 4,section a,CGmo3z52nT
Vinnie,Bisseker,vbisseker1i@feedburner.com,Regional Center 5,section e,4w6nVCbMgm
Weston,Hollyland,whollyland1j@ucla.edu,Regional Center 6,section c,lJzI6tB4qj
Madelle,Eagleton,meagleton1k@vkontakte.ru,Regional Center 7,section c,5C38B18tmU
Ruperto,Paddy,rpaddy1l@comcast.net,Regional Center 8,section c,lui9B42EMq
Marj,Loweth,mloweth1m@yolasite.com,Regional Center 9,section d,k1PSxd8bOT
Casar,Phizackerly,cphizackerly1n@wikispaces.com,Regional Center 10,section d,4VgS83AeMK
Pail,Dabel,pdabel1o@godaddy.com,Regional Center 1,section a,b9k3GdWpkP
Zelma,Sidry,zsidry1p@angelfire.com,Regional Center 2,section a,WE67WN0189
Axel,Sweeney,asweeney1q@patch.com,Regional Center 3,section e,TXt0mUqs5E
Diane,Schoenfisch,dschoenfisch1r@4shared.com,Regional Center 4,section e,dh9T056hr5
Bertie,Ruppele,bruppele1s@va.gov,Regional Center 5,section f,lVx4iq5iMa
Chandler,Addy,caddy1t@hhs.gov,Regional Center 6,section b,nBy313KS3j
Aubrey,Morris,amorris1u@flickr.com,Regional Center 7,section d,AB1YSi0t4N
Pansie,Brookson,pbrookson1v@prnewswire.com,Regional Center 8,section c,fRYz242n73
Teodoor,Crofts,tcrofts1w@facebook.com,Regional Center 9,section b,FZCx1marUP
Hermia,Nealon,hnealon1x@networksolutions.com,Regional Center 10,section f,F52Bw5IsO5
Lesley,Valett,lvalett1y@time.com,Regional Center 1,section d,pzoPQTL09P
Brigitte,Kloser,bkloser1z@arstechnica.com,Regional Center 2,section f,i4897nHU6N
Ileane,McPolin,imcpolin20@icq.com,Regional Center 3,section c,lKm51wUI5j
Tamiko,Caddan,tcaddan21@twitter.com,Regional Center 4,section e,w61IryWT5Q
Haleigh,Starbuck,hstarbuck22@google.com,Regional Center 5,section d,08tGQu1i5f
Hildagard,Delbergue,hdelbergue23@mac.com,Regional Center 6,section a,0zEi8yTOns
Catherina,Williment,cwilliment24@quantcast.com,Regional Center 7,section a,9kI6OO0C46
Jermaine,Conlaund,jconlaund25@bloglines.com,Regional Center 8,section f,20f2aF8SO9
Lesly,Maguire,lmaguire26@youtu.be,Regional Center 9,section a,g3O08jxqC7
Jamal,Lody,jlody27@addthis.com,Regional Center 10,section d,Lbj6S1Siv7
Griswold,McElvogue,gmcelvogue28@comsenz.com,Regional Center 1,section d,p4JmGGU7IV
Darby,Bachs,dbachs29@cam.ac.uk,Regional Center 2,section d,Ud2lehHE34
Carita,Yanson,cyanson2a@blinklist.com,Regional Center 3,section a,UU46XcP4V0
Neely,Wilkinson,nwilkinson2b@theguardian.com,Regional Center 4,section c,r771012KXh
Ryon,Rawet,rrawet2c@twitpic.com,Regional Center 5,section e,DlTfLmwJqu
Bil,Jaksic,bjaksic2d@nifty.com,Regional Center 6,section a,i1VFD8E2VK
Stanislaus,McConnulty,smcconnulty2e@goo.ne.jp,Regional Center 7,section a,P7maWAd78V
Dominique,O'Callaghan,docallaghan2f@cbsnews.com,Regional Center 8,section b,044t965f1V
Annetta,Minchell,aminchell2g@chronoengine.com,Regional Center 9,section c,2I8Q6NC1BT
Bevvy,Kinge,bkinge2h@sitemeter.com,Regional Center 10,section f,3wt726oxhX
Kelley,Borley,kborley2i@discovery.com,Regional Center 1,section f,6Jw02RpmHi
Alvina,Penhaleurack,apenhaleurack2j@unesco.org,Regional Center 2,section e,Vcz28cv0OO
Geraldine,Woloschin,gwoloschin2k@redcross.org,Regional Center 3,section f,MD1P3lkI65
Cherie,Rodolfi,crodolfi2l@sciencedirect.com,Regional Center 4,section b,rPA3sPo6Jq
Elnar,Adame,eadame2m@msu.edu,Regional Center 5,section d,LA5zp26RMi
Judie,Kensy,jkensy2n@dailymail.co.uk,Regional Center 6,section a,502P2h139Q
Emilie,Yewdell,eyewdell2o@goo.ne.jp,Regional Center 7,section d,1yIwzGTA0U
Jozef,Plane,jplane2p@stumbleupon.com,Regional Center 8,section a,36uFouqS6x
Darryl,Van der Beken,dvanderbeken2q@google.es,Regional Center 9,section b,s8Apqc0cuv
Emilio,Brundall,ebrundall2r@amazonaws.com,Regional Center 10,section f,Bk55FjuXd0
Perren,Fowkes,pfowkes2s@ihg.com,Regional Center 1,section b,zKvZvDh2dQ
Millie,Yven,myven2t@mayoclinic.com,Regional Center 2,section b,2sl9XBAeC1
Leroy,Pilgrim,lpilgrim2u@rambler.ru,Regional Center 3,section a,xe9YY251DW
Rebe,Fleis,rfleis2v@cloudflare.com,Regional Center 4,section e,m6RIb33iSs
Una,Seedhouse,useedhouse2w@gnu.org,Regional Center 5,section b,71xO378v5y
Mamie,Tavener,mtavener2x@rakuten.co.jp,Regional Center 6,section f,SrpSF3W9lp
Harman,Kastel,hkastel2y@a8.net,Regional Center 7,section a,I9pu79oo3G
Yulma,Lanfer,ylanfer2z@oaic.gov.au,Regional Center 8,section d,Be5P2c4V1s
Ekaterina,St Ange,estange30@independent.co.uk,Regional Center 9,section c,I16Zrq588z
Axel,Martelet,amartelet31@github.io,Regional Center 10,section d,f1sBsijUtE
Robinetta,De Witt,rdewitt32@infoseek.co.jp,Regional Center 1,section a,xL5u1DzgqP
Nadeen,Muskett,nmuskett33@flavors.me,Regional Center 2,section e,1pI8b52B1O
Nolie,Ashmole,nashmole34@yahoo.com,Regional Center 3,section a,V0kQ3oHPrl
Nye,Siddens,nsiddens35@t.co,Regional Center 4,section e,s2FcIy6DIv
Maggee,Klemensiewicz,mklemensiewicz36@hud.gov,Regional Center 5,section c,LqflMYN1pC
Kurtis,MacGregor,kmacgregor37@ebay.co.uk,Regional Center 6,section a,FAT0v88YL1
Aurlie,Feye,afeye38@addthis.com,Regional Center 7,section d,xU06s6mZ39
Guinevere,Gallaher,ggallaher39@hubpages.com,Regional Center 8,section f,35544jr5iK
Fax,Eames,feames3a@lulu.com,Regional Center 9,section f,l495Tehpd0
Berkly,Scripps,bscripps3b@narod.ru,Regional Center 10,section d,bAK7w00IPN
Audra,Mulliner,amulliner3c@wikipedia.org,Regional Center 1,section e,xR22mcimNn
Mohammed,Stratley,mstratley3d@php.net,Regional Center 2,section b,7nVsI8O46G
Hulda,Soares,hsoares3e@51.la,Regional Center 3,section b,xsDnZ9lH2Q
Levey,Spelling,lspelling3f@blogspot.com,Regional Center 4,section a,MuEaJ8w8Ph
Bernadene,Knightsbridge,bknightsbridge3g@quantcast.com,Regional Center 5,section a,2SYzoOkN8c
Elena,Sarchwell,esarchwell3h@sfgate.com,Regional Center 6,section e,i0h2nVH3Wv
Carlene,Noteyoung,cnoteyoung3i@jugem.jp,Regional Center 7,section d,FrrsSKXBOZ
Monika,Trower,mtrower3j@devhub.com,Regional Center 8,section a,JWzIEo28h3
Dorie,Overton,doverton3k@squidoo.com,Regional Center 9,section c,J9fz598w5D
Cece,Gioani,cgioani3l@webs.com,Regional Center 10,section a,GtpH4T3E6q
Oswell,Dunstan,odunstan3m@privacy.gov.au,Regional Center 1,section a,Se4baOA756
Sherwynd,Abrahamsohn,sabrahamsohn3n@moonfruit.com,Regional Center 2,section d,940725G8Ds
Felix,Fremantle,ffremantle3o@alibaba.com,Regional Center 3,section e,7VO014em8u
Tanny,Craw,tcraw3p@slate.com,Regional Center 4,section e,4Q02OGuh3b
Zarla,Wilshire,zwilshire3q@privacy.gov.au,Regional Center 5,section e,472Qd99646
Pearle,Capaldo,pcapaldo3r@prnewswire.com,Regional Center 6,section c,k0hz7SG6SG
Armstrong,Crafter,acrafter3s@google.es,Regional Center 7,section b,33kES6o7me
Gael,Crosson,gcrosson3t@intel.com,Regional Center 8,section b,JI6g0A230G
Archibold,Calcut,acalcut3u@nationalgeographic.com,Regional Center 9,section c,bykO6k8Cva
Aurilia,Braznell,abraznell3v@google.com.au,Regional Center 10,section a,0Gl920OzSJ
Cirstoforo,Divell,cdivell3w@earthlink.net,Regional Center 1,section b,o5Pf7Q771K
Drucill,Sollis,dsollis3x@yandex.ru,Regional Center 2,section e,17BK6Q0TZ2
Rahal,Burle,rburle3y@ebay.com,Regional Center 3,section e,xEjrA3brbc
Pascal,Maker,pmaker3z@merriam-webster.com,Regional Center 4,section f,95SuX6d2OJ
Hendrik,Sikorsky,hsikorsky40@freewebs.com,Regional Center 5,section e,wc32c1qh18
Harris,Gait,hgait41@vk.com,Regional Center 6,section d,a25Q191PG9
Inness,Abate,iabate42@google.co.jp,Regional Center 7,section f,Cv9115i41g
Allsun,Dunlap,adunlap43@who.int,Regional Center 8,section d,PA145s39M7
Carissa,Robers,crobers44@purevolume.com,Regional Center 9,section b,wQGhwm88sC
Bunnie,Halversen,bhalversen45@house.gov,Regional Center 10,section d,H7xBo0vQv2
Jack,Strapp,jstrapp46@plala.or.jp,Regional Center 1,section b,kP91S0D8hH
Mallory,Glascott,mglascott47@salon.com,Regional Center 2,section e,0w3Ydi560V
Franciskus,Brazil,fbrazil48@google.it,Regional Center 3,section c,LN933uZ2P9
Caro,Carlyon,ccarlyon49@cbc.ca,Regional Center 4,section f,2cb9B99wmk
Carol,Greatbatch,cgreatbatch4a@geocities.com,Regional Center 5,section c,FTHa77r6Z9
Wes,Tomasicchio,wtomasicchio4b@state.gov,Regional Center 6,section c,XP7D16An9r
Otho,Glowinski,oglowinski4c@yellowpages.com,Regional Center 7,section a,fkj4lFQ3AH
Claudine,Robbs,crobbs4d@photobucket.com,Regional Center 8,section e,fFBSU89mV0
Nissy,Goodredge,ngoodredge4e@scribd.com,Regional Center 9,section f,F9NVwLlNH7
Lorianne,Fritschel,lfritschel4f@nature.com,Regional Center 10,section b,M9i6i081wf
Martino,Tapenden,mtapenden4g@jugem.jp,Regional Center 1,section c,o138V28INV
Nadean,Vardy,nvardy4h@twitter.com,Regional Center 2,section b,805G6aN68r
Linc,Ballendine,lballendine4i@yahoo.com,Regional Center 3,section f,qSpNoHUsiD
Fidela,Maggs,fmaggs4j@time.com,Regional Center 4,section c,46Cw9w396h
Robinette,Aspin,raspin4k@smh.com.au,Regional Center 5,section d,1Oh95Lq1fJ
Melloney,Singyard,msingyard4l@studiopress.com,Regional Center 6,section c,aKsz4d6ybK
Kelby,Hendonson,khendonson4m@mozilla.org,Regional Center 7,section d,zpYNf41al1
Urbano,Paule,upaule4n@shutterfly.com,Regional Center 8,section a,rgWd8N14MH
Kent,Dearness,kdearness4o@quantcast.com,Regional Center 9,section e,wdF220yARL
Zia,Morison,zmorison4p@pen.io,Regional Center 10,section d,twAEAg7zn4
Anna-diana,Overel,aoverel4q@dell.com,Regional Center 1,section c,8tfe3iA096
Reinold,Killbey,rkillbey4r@examiner.com,Regional Center 2,section e,rTjuBpj0rh
Nonna,Monketon,nmonketon4s@statcounter.com,Regional Center 3,section f,y98r46G6IY
Dermot,Penketh,dpenketh4t@columbia.edu,Regional Center 4,section a,XaA0IuvQOY
Mariele,Yokelman,myokelman4u@addtoany.com,Regional Center 5,section a,ucf8T8IN6X
Galina,Munden,gmunden4v@ow.ly,Regional Center 6,section e,6y6wUIEm1G
Dionne,Bowser,dbowser4w@lulu.com,Regional Center 7,section a,26U3N2Bx62
Kipper,Wulfinger,kwulfinger4x@163.com,Regional Center 8,section d,M6zyp5p5N1
Claudette,Philipsson,cphilipsson4y@opera.com,Regional Center 9,section e,D8l6PAUuKQ
Charlotta,Giorgeschi,cgiorgeschi4z@vimeo.com,Regional Center 10,section f,G7a02sN99V
Mendel,Esterbrook,mesterbrook50@sitemeter.com,Regional Center 1,section e,8rEpmjwQsk
Faye,Estabrook,festabrook51@about.com,Regional Center 2,section a,I7MH9Cy2q5
Marmaduke,Puller,mpuller52@a8.net,Regional Center 3,section b,e9EJrw3T65
Keith,Chesnut,kchesnut53@t-online.de,Regional Center 4,section b,15BbdhOkiS
Mathias,Elsley,melsley54@weebly.com,Regional Center 5,section b,YdYfFpsP0t
Prince,Romi,promi55@chicagotribune.com,Regional Center 6,section b,Hpj53b92W1
Bethena,Bann,bbann56@soundcloud.com,Regional Center 7,section d,048CWx659G
Kevon,Tasseler,ktasseler57@tmall.com,Regional Center 8,section f,SI7BB2s8Wy
Valentine,Sambell,vsambell58@phpbb.com,Regional Center 9,section b,m254JWSBOy
Joshua,Yule,jyule59@nhs.uk,Regional Center 10,section a,WdaTtzO1ku
Ilene,Moorman,imoorman5a@comcast.net,Regional Center 1,section f,5Uq5Fuo1o0
Solly,Webberley,swebberley5b@bravesites.com,Regional Center 2,section e,KaREq96VJ8
Talia,Hawkeswood,thawkeswood5c@stumbleupon.com,Regional Center 3,section a,N1nvGd49pj
Dave,Baudain,dbaudain5d@reverbnation.com,Regional Center 4,section c,1Mb98dqA3F
Karel,Romer,kromer5e@house.gov,Regional Center 5,section e,XwHRH5FQci
Leland,Anster,lanster5f@usda.gov,Regional Center 6,section c,e35I9AlC0c
Bee,Lashbrook,blashbrook5g@cnbc.com,Regional Center 7,section f,TYWPDm1N61
Way,Guard,wguard5h@washingtonpost.com,Regional Center 8,section d,ARS0hCtVKJ
Tammara,Duker,tduker5i@godaddy.com,Regional Center 9,section e,xH0V6ug6Oo
Gardie,Tompkins,gtompkins5j@addthis.com,Regional Center 10,section b,Xg7sHKXxON
Karney,Menco,kmenco5k@vistaprint.com,Regional Center 1,section a,08EcE4mu0i
Wilfrid,Sweetenham,wsweetenham5l@state.gov,Regional Center 2,section b,3mcSAe9No3
Deborah,Eller,deller5m@tamu.edu,Regional Center 3,section c,YUZ295d6Fs
Con,Duckitt,cduckitt5n@storify.com,Regional Center 4,section f,gLwDWo1K0q
Vasily,Gilyott,vgilyott5o@is.gd,Regional Center 5,section d,Y017f7XK02
Levon,Glanester,lglanester5p@soup.io,Regional Center 6,section f,6L0H85kb8D
Barnabe,McArthur,bmcarthur5q@vk.com,Regional Center 7,section a,3TcD9HV9zD
Wilden,des Remedios,wdesremedios5r@mtv.com,Regional Center 8,section f,1Me2PM5N96
Glynis,Girardez,ggirardez5s@spotify.com,Regional Center 9,section d,khSuVTzSuH
Jania,Woodhall,jwoodhall5t@cornell.edu,Regional Center 10,section a,FmV3n14wGP
Ruben,Duxbarry,rduxbarry5u@so-net.ne.jp,Regional Center 1,section b,QCb9770nC1
Jamie,Skyrm,jskyrm5v@nydailynews.com,Regional Center 2,section f,RjT74Ih8mB
Ginnifer,Millett,gmillett5w@pen.io,Regional Center 3,section f,yy4RIG4h4g
Quinn,Matthensen,qmatthensen5x@livejournal.com,Regional Center 4,section c,3Ra9BR9it1
Juliet,Hyams,jhyams5y@google.com.au,Regional Center 5,section a,LX8aCGdE1p
Sidonia,Clashe,sclashe5z@adobe.com,Regional Center 6,section a,D6d7k942CB
Abelard,Bavage,abavage60@google.fr,Regional Center 7,section f,yfbx86z037
Flint,Sabbatier,fsabbatier61@google.de,Regional Center 8,section e,4Np5clGzIE
Riane,McGrory,rmcgrory62@tinyurl.com,Regional Center 9,section f,1T829433si
Ross,Meade,rmeade63@sciencedirect.com,Regional Center 10,section f,ZrB9dW2ohm
Katharine,Harteley,kharteley64@google.de,Regional Center 1,section f,683C052wqx
Chrisy,Degenhardt,cdegenhardt65@miibeian.gov.cn,Regional Center 2,section b,R5hRAU5Sg5
Marney,Brouard,mbrouard66@t-online.de,Regional Center 3,section f,4P9fi82u6o
Franky,Jerrim,fjerrim67@icq.com,Regional Center 4,section d,SnoKkECU4e
Margaux,Freckelton,mfreckelton68@soundcloud.com,Regional Center 5,section e,0h4uqV3GoM
Nestor,Banke,nbanke69@qq.com,Regional Center 6,section d,3j0n1VL7N7
Becki,Blakemore,bblakemore6a@scientificamerican.com,Regional Center 7,section a,nQHT57k8ZC
Cyril,Kovacs,ckovacs6b@google.co.uk,Regional Center 8,section e,r945rFWNa5
Tara,Galea,tgalea6c@moonfruit.com,Regional Center 9,section b,88NLi9yZg3
Katee,Lethabridge,klethabridge6d@google.co.jp,Regional Center 10,section d,LgIs9J9xNS
Elsie,De Bruijn,edebruijn6e@pcworld.com,Regional Center 1,section d,w2Mzd6UvQe
Cleo,Blakeslee,cblakeslee6f@weebly.com,Regional Center 2,section c,K03G4xxnJL
Matteo,Cuckoo,mcuckoo6g@umich.edu,Regional Center 3,section b,hR1K3F9d6d
Suzi,McCaughran,smccaughran6h@arizona.edu,Regional Center 4,section d,erug5ESKoT
Svend,Colthard,scolthard6i@blogs.com,Regional Center 5,section a,cHE28a9M42
Margret,Fearenside,mfearenside6j@arstechnica.com,Regional Center 6,section d,oKFPNiw45R
Minerva,Kleinschmidt,mkleinschmidt6k@creativecommons.org,Regional Center 7,section e,bG4K1rSuc5
Lilias,Heinreich,lheinreich6l@go.com,Regional Center 8,section b,bD95Aq1Y5Y
David,Mazzey,dmazzey6m@myspace.com,Regional Center 9,section b,73c14kcRdQ
Robyn,D'Alesio,rdalesio6n@boston.com,Regional Center 10,section f,26oo8T35FW
Tripp,Padbury,tpadbury6o@photobucket.com,Regional Center 1,section e,GvRegSFOf0
Teri,Brindle,tbrindle6p@auda.org.au,Regional Center 2,section b,Uhz4E55LlW
Britte,Gage,bgage6q@eventbrite.com,Regional Center 3,section d,t0e4UydX8o
Hermie,Cheeke,hcheeke6r@theatlantic.com,Regional Center 4,section b,u6nFg7Gh36
Rhonda,Cohani,rcohani6s@goodreads.com,Regional Center 5,section d,oWv48Q2BDD
Dulcinea,Lubomirski,dlubomirski6t@wordpress.org,Regional Center 6,section a,c7UBc5jCG8
Arlette,Orleton,aorleton6u@bing.com,Regional Center 7,section b,ALS5dSyjYd
Dede,Di Meo,ddimeo6v@meetup.com,Regional Center 8,section c,TC2Z3ISTZ0
Amber,Athersmith,aathersmith6w@marketwatch.com,Regional Center 9,section f,b1hfADVkWV
Renado,Dubble,rdubble6x@liveinternet.ru,Regional Center 10,section a,rXo1Is4m5q
Domingo,Kuschek,dkuschek6y@cafepress.com,Regional Center 1,section b,3343lci58Z
Drusy,Sicha,dsicha6z@fda.gov,Regional Center 2,section d,HuSLZI1Zvq
Geno,Densie,gdensie70@wix.com,Regional Center 3,section d,5N7h9p8b9a
Romy,Summerlad,rsummerlad71@jimdo.com,Regional Center 4,section c,mJ67taULhk
Cathe,Sugg,csugg72@businessweek.com,Regional Center 5,section b,8Bez9a2GL1
Emmy,Freed,efreed73@eventbrite.com,Regional Center 6,section c,PS07r23Wxq
Leonerd,Rubert,lrubert74@tamu.edu,Regional Center 7,section e,AdtXqQ0U9C
Jose,Grubbe,jgrubbe75@oracle.com,Regional Center 8,section d,8Cc7a5XMa2
Lynnelle,Hethron,lhethron76@1688.com,Regional Center 9,section d,6xzDwuOIbs
Celle,Scrimgeour,cscrimgeour77@wordpress.org,Regional Center 10,section d,u30hQqBi6j
Irina,Keble,ikeble78@wix.com,Regional Center 1,section a,GLTmG1HvJF
Madelena,MacGebenay,mmacgebenay79@ebay.com,Regional Center 2,section b,JNl2QF48b6
Koralle,Chateau,kchateau7a@issuu.com,Regional Center 3,section e,YG6074OB2B
Kristine,Winstone,kwinstone7b@unicef.org,Regional Center 4,section a,4j1lU58lgI
Aldus,Pierson,apierson7c@wordpress.com,Regional Center 5,section a,17c3uUsDWx
Chanda,Donaghy,cdonaghy7d@comcast.net,Regional Center 6,section b,418wN2Gs6M
Dunn,Dugald,ddugald7e@baidu.com,Regional Center 7,section a,LFvHU94SLn
Chicky,Guerrero,cguerrero7f@sciencedaily.com,Regional Center 8,section f,V0O3V2jZBz
Briny,Giannini,bgiannini7g@indiatimes.com,Regional Center 9,section c,CdrCzy87ff
Basilio,Lucas,blucas7h@stumbleupon.com,Regional Center 10,section d,3l7emOgMfP
Aggie,Oakley,aoakley7i@naver.com,Regional Center 1,section d,J3W5s3PyBL
Alfi,Kleinplatz,akleinplatz7j@issuu.com,Regional Center 2,section b,9sBnd8g2fh
Gracie,Malenfant,gmalenfant7k@imdb.com,Regional Center 3,section b,i6nX54s3uU
Damian,Perkins,dperkins7l@facebook.com,Regional Center 4,section a,6fd96U7aM7
Nelie,Lucien,nlucien7m@state.gov,Regional Center 5,section e,E0e8937OAj
Mollie,Brugemann,mbrugemann7n@techcrunch.com,Regional Center 6,section f,dcMGPtiN19
Harmony,Mary,hmary7o@aol.com,Regional Center 7,section b,3MXeGM39s7
Arlyn,Fishly,afishly7p@yellowpages.com,Regional Center 8,section f,CUy37EO6vp
Krishna,Angelo,kangelo7q@skyrock.com,Regional Center 9,section e,Z36Tt1017m
Ferdinanda,Robillart,frobillart7r@ted.com,Regional Center 10,section a,2TTD2gM433
Abie,Inchley,ainchley7s@narod.ru,Regional Center 1,section d,LC2la666K7
Micheal,Ney,mney7t@myspace.com,Regional Center 2,section f,08c6Pcr8Yn
Danice,Ferreiro,dferreiro7u@google.it,Regional Center 3,section a,QBvIS9h7ds
Gleda,Epton,gepton7v@blogspot.com,Regional Center 4,section b,vQQRdyXVVJ
Marianne,Skypp,mskypp7w@columbia.edu,Regional Center 5,section c,6HQ3iS1S9V
Meir,Gammie,mgammie7x@freewebs.com,Regional Center 6,section c,aNv8366hg1
Burty,Clarage,bclarage7y@forbes.com,Regional Center 7,section c,57970F7OkG
Gretal,Bannard,gbannard7z@nytimes.com,Regional Center 8,section f,Zs917E12j3
Raimundo,Hulmes,rhulmes80@desdev.cn,Regional Center 9,section e,djH2gDLXs3
Winifield,Ellingham,wellingham81@mapquest.com,Regional Center 10,section c,d89cPlb2n7
Carlina,Jacob,cjacob82@dropbox.com,Regional Center 1,section c,dq1F8NNM25
Cordell,Cheek,ccheek83@pen.io,Regional Center 2,section d,num7aiAU1S
Woodrow,Finessy,wfinessy84@ifeng.com,Regional Center 3,section b,T98ySZjO56
Marthe,Mattielli,mmattielli85@meetup.com,Regional Center 4,section e,X9FYqn0Ilq
Jimmy,Widdowes,jwiddowes86@oaic.gov.au,Regional Center 5,section b,jvh2T63304
Nora,Temlett,ntemlett87@army.mil,Regional Center 6,section a,EJL7R3fg0H
Rois,Fisher,rfisher88@ezinearticles.com,Regional Center 7,section d,B2cutq2NXV
Baron,Elkington,belkington89@mit.edu,Regional Center 8,section e,S347O1Z2vP
Meredith,Kinane,mkinane8a@nsw.gov.au,Regional Center 9,section a,k29S8J08N0
Christian,Tremlett,ctremlett8b@wired.com,Regional Center 10,section e,28b2ok450O
Nannie,Benjefield,nbenjefield8c@fda.gov,Regional Center 1,section c,Cj69qb7ch6
Erwin,McRamsey,emcramsey8d@unblog.fr,Regional Center 2,section a,1dErgDS5PR
Ronnie,Auty,rauty8e@economist.com,Regional Center 3,section d,VmizQwbk17
Ramona,Helmke,rhelmke8f@cnet.com,Regional Center 4,section b,309R3JtO2i
Anders,Hogbourne,ahogbourne8g@omniture.com,Regional Center 5,section c,imal2sUj34
Tine,Conkey,tconkey8h@deliciousdays.com,Regional Center 6,section c,8A9a8wRB70
Marcos,Titmuss,mtitmuss8i@ovh.net,Regional Center 7,section a,1dcilf0vha
Latashia,Arlett,larlett8j@un.org,Regional Center 8,section c,sCif7kCtdG
Madlin,Loidl,mloidl8k@google.com.hk,Regional Center 9,section e,X0ezvf9V1b
Cindy,Talton,ctalton8l@amazon.co.jp,Regional Center 10,section e,9rc9ykXKx0
Koressa,Teresia,kteresia8m@microsoft.com,Regional Center 1,section b,bEro72hc1o
Bowie,McCrow,bmccrow8n@pen.io,Regional Center 2,section b,0N8n17TSJf
Wallie,Swatten,wswatten8o@infoseek.co.jp,Regional Center 3,section a,raD3eIyNu2
Millisent,Krop,mkrop8p@dedecms.com,Regional Center 4,section f,XXSN65Fnz9
Odelia,Skermer,oskermer8q@ebay.co.uk,Regional Center 5,section d,2UzX2b5g81
Frederik,Rieme,frieme8r@weebly.com,Regional Center 6,section c,51H7hEu94u
Lurlene,Rau,lrau8s@umn.edu,Regional Center 7,section c,U2s9Emq8gB
Pammy,Dowry,pdowry8t@webs.com,Regional Center 8,section f,XC7hBIA3l7
Kenny,Sibly,ksibly8u@photobucket.com,Regional Center 9,section d,lwxeGG6KVE
Abbe,Derisly,aderisly8v@ebay.com,Regional Center 10,section d,Ws9j5o8U6k
Victor,Mcwhinney,vmcwhinney8w@mtv.com,Regional Center 1,section b,4x5QUUSR5P
Andriana,Yukhnevich,ayukhnevich8x@furl.net,Regional Center 2,section b,DHS99b3a9F
Claudell,Goodrich,cgoodrich8y@irs.gov,Regional Center 3,section e,0DbmiA21q2
Cherilyn,Maypes,cmaypes8z@indiatimes.com,Regional Center 4,section c,a5gX17V12T
Rawley,Hincham,rhincham90@hc360.com,Regional Center 5,section b,gkV7GwV7xN
Broddie,Danilchik,bdanilchik91@census.gov,Regional Center 6,section f,9w7TNhGtze
Christan,Szymonowicz,cszymonowicz92@techcrunch.com,Regional Center 7,section b,OEIVqG1jI7
Denna,Burfield,dburfield93@tripod.com,Regional Center 8,section a,0Q48kV7rIV
Ariana,Booker,abooker94@wordpress.org,Regional Center 9,section f,mlrVNdYNz3
Judye,Maytum,jmaytum95@bloglovin.com,Regional Center 10,section f,3h7UyM43O5
Essy,Grenshiels,egrenshiels96@umich.edu,Regional Center 1,section a,Z74rfFIUvz
Leigh,Lebreton,llebreton97@cyberchimps.com,Regional Center 2,section d,XdwP5nTe5o
Judah,MacIntyre,jmacintyre98@virginia.edu,Regional Center 3,section f,88o8s3VKUb
Caspar,Schwandner,cschwandner99@shop-pro.jp,Regional Center 4,section e,ifdv3Pn7Yk
Dagmar,Beecraft,dbeecraft9a@microsoft.com,Regional Center 5,section c,4ngm71CcLK
Twila,Mahony,tmahony9b@who.int,Regional Center 6,section a,d98hNwY64E
Vanya,Oiller,voiller9c@miitbeian.gov.cn,Regional Center 7,section e,Z9ZDWUCpCX
Simone,Roskam,sroskam9d@zimbio.com,Regional Center 8,section b,8w3qOeXEW4
Sigismondo,Streatfield,sstreatfield9e@shop-pro.jp,Regional Center 9,section e,cdOeiXKfN4
Felipa,Gunningham,fgunningham9f@google.pl,Regional Center 10,section a,dl9BKN3hwC
Ki,Twidell,ktwidell9g@dion.ne.jp,Regional Center 1,section f,sBI1B0mM21
Robby,Millgate,rmillgate9h@hhs.gov,Regional Center 2,section d,78RD7OuYQX
Lars,Applegarth,lapplegarth9i@msn.com,Regional Center 3,section f,X2ECb84G34
Winn,Darnbrook,wdarnbrook9j@ucsd.edu,Regional Center 4,section f,vl94mA9pCI
Dolorita,Claringbold,dclaringbold9k@cloudflare.com,Regional Center 5,section f,2i0k8EW72d
Luciana,O'Mannion,lomannion9l@irs.gov,Regional Center 6,section b,rZC97LNXw6
Dniren,Tawn,dtawn9m@prweb.com,Regional Center 7,section e,9B1QDMRkSG
Andras,Stuckley,astuckley9n@nyu.edu,Regional Center 8,section d,556lo55wsf
Jessalyn,Gothliff,jgothliff9o@friendfeed.com,Regional Center 9,section c,768oc5lqjq
Batholomew,Leathe,bleathe9p@bloomberg.com,Regional Center 10,section b,435hzjB82o
Urbano,O'Hallagan,uohallagan9q@unesco.org,Regional Center 1,section d,65JOepKTe3
Maitilde,Thomel,mthomel9r@netvibes.com,Regional Center 2,section a,mQZLEoadyW
Adriaens,Chaudrelle,achaudrelle9s@tmall.com,Regional Center 3,section e,LDisp88vHJ
Wheeler,Dougliss,wdougliss9t@angelfire.com,Regional Center 4,section a,m1X0XQVUg7
Jodee,Hallgarth,jhallgarth9u@indiatimes.com,Regional Center 5,section c,5J816R1GLZ
Beatrisa,Stoad,bstoad9v@cyberchimps.com,Regional Center 6,section e,18w04hS2oa
Valry,Deegin,vdeegin9w@addtoany.com,Regional Center 7,section b,wW5mV5ZXYA
Ranna,Crank,rcrank9x@cdbaby.com,Regional Center 8,section b,9P83NCYJhe
Tallie,Devonald,tdevonald9y@blinklist.com,Regional Center 9,section f,z54WKqO9m7
Ariela,Duesberry,aduesberry9z@e-recht24.de,Regional Center 10,section a,7sJV1349qE
Andy,Heighton,aheightona0@theguardian.com,Regional Center 1,section b,OtBhUJiu30
Arvin,Cucuzza,acucuzzaa1@thetimes.co.uk,Regional Center 2,section b,LFwLud5VpH
Ringo,Sully,rsullya2@miitbeian.gov.cn,Regional Center 3,section f,n5Y08AfUq7
Adan,Edowes,aedowesa3@hexun.com,Regional Center 4,section f,y3A16Q7gjb
Torey,Romer,tromera4@smh.com.au,Regional Center 5,section e,5jP728KnOq
Addison,Navarijo,anavarijoa5@etsy.com,Regional Center 6,section b,RF2vrk1nU8
Mayer,Melmoth,mmelmotha6@lulu.com,Regional Center 7,section a,Gb5a1Nu1W3
Rhoda,Jeffries,rjeffriesa7@ca.gov,Regional Center 8,section b,10bzNGiw24
Tootsie,Tenpenny,ttenpennya8@google.it,Regional Center 9,section b,702x7RddTO
Marlee,Parade,mparadea9@ebay.co.uk,Regional Center 10,section b,074yCGrn1c
Sandy,Caveill,scaveillaa@topsy.com,Regional Center 1,section d,5L3Ir5lPce
Maudie,Bellwood,mbellwoodab@altervista.org,Regional Center 2,section b,3qEk7l7r5O
Bradly,Casazza,bcasazzaac@cargocollective.com,Regional Center 3,section f,3O3rg13ihO
Sibelle,Breheny,sbrehenyad@friendfeed.com,Regional Center 4,section c,E13stG1oq3
Maddalena,Garbutt,mgarbuttae@wordpress.com,Regional Center 5,section e,s4VY5m1QUC
Jacob,De Bernardis,jdebernardisaf@irs.gov,Regional Center 6,section a,Jej18q4zJB
Dexter,Van Der Walt,dvanderwaltag@twitpic.com,Regional Center 7,section b,ZjkXlVJ868
Antons,Repp,areppah@macromedia.com,Regional Center 8,section e,95cSd39tf7
Ayn,Duckworth,aduckworthai@whitehouse.gov,Regional Center 9,section d,eB9403rX46
Torry,Bengoechea,tbengoecheaaj@guardian.co.uk,Regional Center 10,section b,Q0x2hI58rJ
Jemmie,Wheildon,jwheildonak@statcounter.com,Regional Center 1,section b,Gm7LCnbQj2
Dannye,Neem,dneemal@chronoengine.com,Regional Center 2,section f,75JyUXqNhm
Wandis,Creamer,wcreameram@themeforest.net,Regional Center 3,section f,0y3M7YaM47
Elbert,Jerosch,ejeroschan@bravesites.com,Regional Center 4,section c,ZMn7pKp8FK
Flor,Melsome,fmelsomeao@webnode.com,Regional Center 5,section c,nVQmVTF041
Kathy,McConnulty,kmcconnultyap@netlog.com,Regional Center 6,section e,kQ21pmh50d
Beaufort,Frean,bfreanaq@nps.gov,Regional Center 7,section f,j7ZojF7ScB
Trude,Friman,tfrimanar@ucoz.com,Regional Center 8,section a,u66pgtNx06
Eduard,Arendt,earendtas@harvard.edu,Regional Center 9,section b,ctk4QJbpve
Wyatan,D'Angeli,wdangeliat@slideshare.net,Regional Center 10,section c,7wD1S6jElb
Bellanca,Trueman,btruemanau@storify.com,Regional Center 1,section f,ihJW8t6PAD
Tally,Bottomore,tbottomoreav@360.cn,Regional Center 2,section b,2bd63tYO62
Linus,Habergham,lhaberghamaw@hhs.gov,Regional Center 3,section f,7JV4UP9891
Roseann,Wontner,rwontnerax@senate.gov,Regional Center 4,section a,TxmQj3SK1X
Vassili,Rohfsen,vrohfsenay@elpais.com,Regional Center 5,section d,6z71RUAooK
Cecil,Hayesman,chayesmanaz@diigo.com,Regional Center 6,section e,6z35W832nY
Nikki,Schurcke,nschurckeb0@xinhuanet.com,Regional Center 7,section f,YCkkQDiki6
Pearle,Dart,pdartb1@nymag.com,Regional Center 8,section f,JV9tn37C4q
Cozmo,Wethey,cwetheyb2@nbcnews.com,Regional Center 9,section c,L16FpOq6Hi
Hasty,Eagland,heaglandb3@vinaora.com,Regional Center 10,section a,fMHCH4Txpk
Alysa,Nuth,anuthb4@t.co,Regional Center 1,section c,462xUFcYVN
Rochell,Peizer,rpeizerb5@eventbrite.com,Regional Center 2,section f,8B5rTJgMji
Steve,Wall,swallb6@princeton.edu,Regional Center 3,section f,Mx1sS6Rf1c
Enos,Finlry,efinlryb7@squidoo.com,Regional Center 4,section b,6dap70193H
Gabriel,Marshland,gmarshlandb8@purevolume.com,Regional Center 5,section e,ftoRQqbOXQ
Tildie,Pitcaithly,tpitcaithlyb9@youtube.com,Regional Center 6,section a,zkMlGd7CK1
Durante,Bamell,dbamellba@umich.edu,Regional Center 7,section a,DiE3loGLKY
Oneida,MacCroary,omaccroarybb@myspace.com,Regional Center 8,section d,VEmowE7Bmu
Cynthia,Stenners,cstennersbc@webs.com,Regional Center 9,section c,ijMO865r5D
Ambrosius,Hartgill,ahartgillbd@amazon.co.jp,Regional Center 10,section a,906WODsafV
Cristiano,Cumpton,ccumptonbe@yellowpages.com,Regional Center 1,section e,JMpL3V76Cg
Glendon,Sauniere,gsaunierebf@army.mil,Regional Center 2,section d,8jf34I66FX
Murvyn,Shireff,mshireffbg@trellian.com,Regional Center 3,section d,kVK8MJW92j
Em,Von Welldun,evonwelldunbh@imageshack.us,Regional Center 4,section c,lL0pz3I835
Ashlin,Wells,awellsbi@europa.eu,Regional Center 5,section f,r5Sx7y3a5f
Fern,Greenwell,fgreenwellbj@people.com.cn,Regional Center 6,section f,Y1n5sQL37q
Lesley,Suttell,lsuttellbk@cdc.gov,Regional Center 7,section b,qAPALmm33m
Hinze,Kropach,hkropachbl@un.org,Regional Center 8,section a,2qV1O49T7T
Justen,MacIntosh,jmacintoshbm@smh.com.au,Regional Center 9,section c,E8r1Snp0u1
Wes,Abram,wabrambn@xinhuanet.com,Regional Center 10,section f,DhbSbzFR4E
Abe,Mendez,amendezbo@squidoo.com,Regional Center 1,section b,TyTKl9rqQe
Tom,Southern,tsouthernbp@europa.eu,Regional Center 2,section e,SY0b7q69kN
Daffi,Yacob,dyacobbq@linkedin.com,Regional Center 3,section d,6IHaM9859q
Kip,Seyffert,kseyffertbr@goodreads.com,Regional Center 4,section f,x5pFFdxxg1
Dall,Boullen,dboullenbs@yahoo.co.jp,Regional Center 5,section c,SPpR4X1NTN
Celestyna,Bernath,cbernathbt@narod.ru,Regional Center 6,section b,mi1B9lFdAo
Honoria,Arington,haringtonbu@examiner.com,Regional Center 7,section f,v2dsn4hTc8
Rik,Larkin,rlarkinbv@twitpic.com,Regional Center 8,section a,74wh7rFzdA
Jocelin,Thurling,jthurlingbw@china.com.cn,Regional Center 9,section c,1d482VB1nf
Ambros,Bum,abumbx@wordpress.org,Regional Center 10,section c,y8S7m9Lznu
Nanette,Brigman,nbrigmanby@myspace.com,Regional Center 1,section e,IWn59g7EzF
Alana,Jagels,ajagelsbz@hao123.com,Regional Center 2,section c,8z60Q99K8d
Andreana,Mugglestone,amugglestonec0@hao123.com,Regional Center 3,section f,yMPms26mr8
Vick,Beelby,vbeelbyc1@dropbox.com,Regional Center 4,section e,BFctXIqp9I
Doll,Mackerel,dmackerelc2@feedburner.com,Regional Center 5,section d,F5R7NeNTv2
Nat,Stewart,nstewartc3@sciencedirect.com,Regional Center 6,section d,N8dcgVN7ro
Catlee,Schwandermann,cschwandermannc4@wikia.com,Regional Center 7,section b,NJv32zN9Wx
Edsel,Busse,ebussec5@tmall.com,Regional Center 8,section e,zXEwsgvd5D
Rosalind,Merigot,rmerigotc6@nyu.edu,Regional Center 9,section d,20qtlBm9uP
Dannie,Frandsen,dfrandsenc7@accuweather.com,Regional Center 10,section d,JgTVs2UemR
Geoffry,Semerad,gsemeradc8@networkadvertising.org,Regional Center 1,section c,uZC8P0UU9e
Niles,Angeau,nangeauc9@timesonline.co.uk,Regional Center 2,section a,gBvf96C34n
Persis,Ottewill,pottewillca@exblog.jp,Regional Center 3,section e,mWz42tU18u
Ania,Duplock,aduplockcb@infoseek.co.jp,Regional Center 4,section b,jKQm43NELZ
Eloisa,Woolhouse,ewoolhousecc@house.gov,Regional Center 5,section b,LBGcj8hHr8
Ring,Roseveare,rrosevearecd@delicious.com,Regional Center 6,section d,uaL55d37Gy
Huntley,Ragdale,hragdalece@un.org,Regional Center 7,section c,vW8gXLwyEa
Gerianna,Clubley,gclubleycf@huffingtonpost.com,Regional Center 8,section e,q7Ppq0A6I7
Leroy,Peaseman,lpeasemancg@digg.com,Regional Center 9,section c,XfI7f12d88
Leese,Helks,lhelksch@behance.net,Regional Center 10,section e,cGWzl2XRLR
Joannes,Clunan,jclunanci@nyu.edu,Regional Center 1,section c,sQ1HpkPlz6
Nanine,Mabey,nmabeycj@marketwatch.com,Regional Center 2,section c,68d90MUglF
Dennet,Flockhart,dflockhartck@sourceforge.net,Regional Center 3,section b,W4zzl1uT6G
Opal,Welden,oweldencl@hhs.gov,Regional Center 4,section c,W2OJn4QSw8
Denys,Koenraad,dkoenraadcm@opera.com,Regional Center 5,section a,6HMC79i34B
Isidoro,Melville,imelvillecn@ca.gov,Regional Center 6,section e,76OPUTs528
L;urette,Dowbakin,ldowbakinco@nasa.gov,Regional Center 7,section c,KwtMr43D9B
Halley,Yurukhin,hyurukhincp@forbes.com,Regional Center 8,section e,2oV01e90fU
Hillie,Blackadder,hblackaddercq@cpanel.net,Regional Center 9,section c,dqvVX25Z7N
Christoffer,Sermin,csermincr@paypal.com,Regional Center 10,section c,iW84C6nK69
Thaine,Symmers,tsymmerscs@slate.com,Regional Center 1,section f,USILv5B540
Yoko,Crippes,ycrippesct@istockphoto.com,Regional Center 2,section e,9XOzVn9wiW
Rochelle,Forsyth,rforsythcu@redcross.org,Regional Center 3,section f,05bKk5gm31
Sheila,Pierro,spierrocv@myspace.com,Regional Center 4,section d,a11TM70Fo1
Will,Rathjen,wrathjencw@businessinsider.com,Regional Center 5,section e,imKWe1X4S9
Delcine,Sherebrooke,dsherebrookecx@mashable.com,Regional Center 6,section f,2VsMxdu8Yc
Noni,Clerc,nclerccy@wiley.com,Regional Center 7,section d,o6zXL9DgiI
Drugi,Hylden,dhyldencz@dedecms.com,Regional Center 8,section f,WunbYZ2403
Sadella,Cresswell,scresswelld0@nytimes.com,Regional Center 9,section c,g4Q0hSwT3g
Boy,Cannicott,bcannicottd1@state.tx.us,Regional Center 10,section e,N0N8O2YiWx
Ad,Runacres,arunacresd2@gizmodo.com,Regional Center 1,section c,2VRj1u18PB
Harwell,Mowsdill,hmowsdilld3@naver.com,Regional Center 2,section c,w4c87k7lV6
Correy,Dikle,cdikled4@upenn.edu,Regional Center 3,section e,jdScJBKFhN
Sherlocke,Houdhury,shoudhuryd5@timesonline.co.uk,Regional Center 4,section e,99Zgl92do9
Clemente,Silliman,csillimand6@wisc.edu,Regional Center 5,section c,5IFePs5jOm
Jodie,Sushams,jsushamsd7@devhub.com,Regional Center 6,section f,vf9iOlscT8
Jule,Lankham,jlankhamd8@squarespace.com,Regional Center 7,section c,FoJzoYk523
Jethro,Pic,jpicd9@ning.com,Regional Center 8,section e,4KKEXiAJWZ
Zolly,Bischoff,zbischoffda@sciencedaily.com,Regional Center 9,section e,1f7wkpb63C
Katherina,Biddwell,kbiddwelldb@psu.edu,Regional Center 10,section b,D9g1D9Qf0Q
Kimberli,Goodere,kgooderedc@theatlantic.com,Regional Center 1,section d,dlN6gAdg33
Nichol,Bertie,nbertiedd@a8.net,Regional Center 2,section b,BgI2Bac36Z
Ailsun,Walshe,awalshede@wunderground.com,Regional Center 3,section c,iBwN3Ae7rF
Julee,Esche,jeschedf@odnoklassniki.ru,Regional Center 4,section e,P4rBf2tHd4
Gilly,Fantham,gfanthamdg@auda.org.au,Regional Center 5,section d,Y3tMGNfo90
Camila,Hymer,chymerdh@moonfruit.com,Regional Center 6,section f,1lhKCz97Sf
Nalani,Boultwood,nboultwooddi@loc.gov,Regional Center 7,section e,YjH6rN4760
Janot,Lemin,jlemindj@shutterfly.com,Regional Center 8,section a,Q15Zh3XLKj
Gerta,Jocelyn,gjocelyndk@canalblog.com,Regional Center 9,section c,2511ce0420
Odelinda,Leadbitter,oleadbitterdl@php.net,Regional Center 10,section e,5OWq8Zn8L6
Clarabelle,Sommerling,csommerlingdm@java.com,Regional Center 1,section f,6y36MV8UfY
Trumaine,Godain,tgodaindn@disqus.com,Regional Center 2,section d,43G3Zl5E49
Brew,Fransinelli,bfransinellido@virginia.edu,Regional Center 3,section a,T9QMtpV533
Ingram,Cromarty,icromartydp@wikia.com,Regional Center 4,section c,R9S92pvr42
Averil,Gashion,agashiondq@gnu.org,Regional Center 5,section d,SzFmop0ZxV
Valerye,Chiverstone,vchiverstonedr@umn.edu,Regional Center 6,section c,s3NLDz3698
Henriette,Shearmer,hshearmerds@usnews.com,Regional Center 7,section b,5cV5w8802V
Gilbert,Smails,gsmailsdt@google.co.uk,Regional Center 8,section d,33RV8IIzo7
Joscelin,Blair,jblairdu@youku.com,Regional Center 9,section e,ha89g9N1qA
Mortie,Corderoy,mcorderoydv@intel.com,Regional Center 10,section e,wCkn21nqF6
Joscelin,Jewkes,jjewkesdw@illinois.edu,Regional Center 1,section d,Q9ovYMGRLG
Hugues,Keaveny,hkeavenydx@cbsnews.com,Regional Center 2,section b,B9C9pBl55u
Coral,Kildea,ckildeady@jalbum.net,Regional Center 3,section d,9TV3JJf6Tq
Sargent,Tregale,stregaledz@ehow.com,Regional Center 4,section e,7N0r5Rh22B
Joni,Djurisic,jdjurisice0@istockphoto.com,Regional Center 5,section e,0Lzkf45wOE
Jarrid,Sconce,jsconcee1@usnews.com,Regional Center 6,section e,N5T5ny9OHN
Matelda,Gasken,mgaskene2@sourceforge.net,Regional Center 7,section d,92kRcXszll
Ethelind,Carne,ecarnee3@cloudflare.com,Regional Center 8,section c,p3J87BGY18
Josepha,Keese,jkeesee4@sitemeter.com,Regional Center 9,section f,OvP4QVKvM8
Libbi,Glavias,lglaviase5@yolasite.com,Regional Center 10,section e,0jsYRG54EJ
Garnette,Picker,gpickere6@state.gov,Regional Center 1,section f,g5DC1N4HoL
Olenka,McJarrow,omcjarrowe7@cocolog-nifty.com,Regional Center 2,section e,vPNG6UZMW4
Jayson,Spours,jspourse8@google.com.hk,Regional Center 3,section e,M0DuKQw8z9
Court,Albone,calbonee9@altervista.org,Regional Center 4,section d,j499iSZP87
Madelle,Twaits,mtwaitsea@nytimes.com,Regional Center 5,section a,jZXiyO05k3
Boy,Heggie,bheggieeb@nymag.com,Regional Center 6,section f,mh3oyab0F5
Heinrik,Sach,hsachec@meetup.com,Regional Center 7,section b,Zux1xPa46S
Fanni,MacGibbon,fmacgibboned@jiathis.com,Regional Center 8,section a,7r6M6K9ba3
Nicolais,McGarvey,nmcgarveyee@intel.com,Regional Center 9,section b,TYfdge015s
Zane,Rosenbusch,zrosenbuschef@linkedin.com,Regional Center 10,section d,713C7fwqaq
Amelina,Gobbet,agobbeteg@wikia.com,Regional Center 1,section d,bmYdkom7BZ
Fidela,Blueman,fbluemaneh@shinystat.com,Regional Center 2,section f,34QKB6hCVb
Ariel,Woolstenholmes,awoolstenholmesei@youtu.be,Regional Center 3,section e,bYciO2JV8V
Blithe,Striker,bstrikerej@ycombinator.com,Regional Center 4,section e,62ducyF7Mi
Lorine,Laybourn,llaybournek@facebook.com,Regional Center 5,section b,7q0Qbi2b37
Abner,Pasticznyk,apasticznykel@barnesandnoble.com,Regional Center 6,section e,06ZMoM43w2
Krystle,Cusiter,kcusiterem@ycombinator.com,Regional Center 7,section f,sA3p71Pjgg
Hilary,Stonebridge,hstonebridgeen@lycos.com,Regional Center 8,section b,bKchnc4dUE
Butch,Du Plantier,bduplantiereo@hostgator.com,Regional Center 9,section a,UK9DAsPr5u
Noe,Pollie,npollieep@baidu.com,Regional Center 10,section c,x5a7zxTW5u
Belita,Kopp,bkoppeq@msu.edu,Regional Center 1,section a,06TpB279K9
Vladamir,Wallbutton,vwallbuttoner@columbia.edu,Regional Center 2,section c,rOOHAkmWA0
Edlin,Grantham,egranthames@ebay.co.uk,Regional Center 3,section a,O2nB5pSO87
Camile,Mattys,cmattyset@mozilla.org,Regional Center 4,section b,KpX9H6W4x4
Bernadina,Crebott,bcrebotteu@i2i.jp,Regional Center 5,section f,45J85T9p63
Yolande,Yanyushkin,yyanyushkinev@google.fr,Regional Center 6,section c,RGP9Xb33wG
Bennie,Paaso,bpaasoew@google.nl,Regional Center 7,section b,zkp1iCKhH8
Flory,Morford,fmorfordex@bloglovin.com,Regional Center 8,section e,Xz978HaEEy
Allix,Colman,acolmaney@angelfire.com,Regional Center 9,section b,F40lgZ8741
Pascal,Morant,pmorantez@networksolutions.com,Regional Center 10,section c,WEa0N7gX23
Randolph,Lyfield,rlyfieldf0@vk.com,Regional Center 1,section a,gyv1jgA1vW
Benetta,Oleksinski,boleksinskif1@businesswire.com,Regional Center 2,section b,a6tbea9Bnj
Wakefield,Walaron,wwalaronf2@mozilla.com,Regional Center 3,section b,o33SgLhx1z
Bar,Lindores,blindoresf3@infoseek.co.jp,Regional Center 4,section a,qrJ1r7zBK8
Erhard,Ciccotto,eciccottof4@e-recht24.de,Regional Center 5,section a,SK61x33G50
Franny,Collingworth,fcollingworthf5@sphinn.com,Regional Center 6,section e,XxpI7yKs2T
Mose,Pittoli,mpittolif6@hhs.gov,Regional Center 7,section b,t2lgcg6zHv
Clemmy,Queen,cqueenf7@aol.com,Regional Center 8,section b,13CQNQBghJ
Ema,Satcher,esatcherf8@w3.org,Regional Center 9,section f,K9MZmE952X
Ekaterina,Crawford,ecrawfordf9@csmonitor.com,Regional Center 10,section b,J7UlVWE9ZS
Pate,Capelin,pcapelinfa@umn.edu,Regional Center 1,section d,GUR4b9yO3h
Poppy,Coll,pcollfb@house.gov,Regional Center 2,section d,a9RhHM0Z5e
Kimmi,Mothersdale,kmothersdalefc@ox.ac.uk,Regional Center 3,section c,xJC16yqVTv
Gwyn,Mullins,gmullinsfd@unicef.org,Regional Center 4,section b,Qr4ld991w5
Hervey,Howbrook,hhowbrookfe@unblog.fr,Regional Center 5,section f,tgLj0OICs7
Casper,Andor,candorff@storify.com,Regional Center 6,section a,rh16nvDvXp
Wit,Ebhardt,webhardtfg@bbb.org,Regional Center 7,section d,W9Yiu6WP9Z
Bartlet,Reynault,breynaultfh@webeden.co.uk,Regional Center 8,section c,ddU16xDM62
Robb,Omrod,romrodfi@hugedomains.com,Regional Center 9,section a,lb2ojI2a4h
Merell,Awde,mawdefj@ox.ac.uk,Regional Center 10,section b,rKy5fu9vNh
Harriett,Allsebrook,hallsebrookfk@51.la,Regional Center 1,section e,upmOqSSFYs
Skipp,Pierrepont,spierrepontfl@posterous.com,Regional Center 2,section c,uX9Fp53tVC
Kirsti,Bratten,kbrattenfm@berkeley.edu,Regional Center 3,section e,F6M2MmI826
Rich,Rulton,rrultonfn@globo.com,Regional Center 4,section c,SwRneE2mNi
Valencia,Young,vyoungfo@upenn.edu,Regional Center 5,section f,fKbKvXwVM6
Truda,McDougal,tmcdougalfp@shutterfly.com,Regional Center 6,section e,g4DS6u7372
Donna,Stonebanks,dstonebanksfq@independent.co.uk,Regional Center 7,section f,ay4qA4fP35
Jorey,Lynock,jlynockfr@gmpg.org,Regional Center 8,section c,7G68lNX060
Jarrid,Borleace,jborleacefs@ocn.ne.jp,Regional Center 9,section b,WnG2oJ87C0
Binni,Mewitt,bmewittft@nationalgeographic.com,Regional Center 10,section a,gjsx03Dm68
Darrelle,Rosin,drosinfu@unesco.org,Regional Center 1,section f,LXAuif9zu2
Joella,Traynor,jtraynorfv@plala.or.jp,Regional Center 2,section f,8L6gPs4uWV
Willard,Brindle,wbrindlefw@hhs.gov,Regional Center 3,section d,I1Lr1Vs7vU
Beniamino,Hopkyns,bhopkynsfx@slate.com,Regional Center 4,section b,6QI3553MMy
Lottie,Cockram,lcockramfy@t.co,Regional Center 5,section f,4IOhiO523e
Kaylee,Fitzroy,kfitzroyfz@istockphoto.com,Regional Center 6,section a,MhNmy88yvr
Charley,Penhallurick,cpenhallurickg0@biglobe.ne.jp,Regional Center 7,section b,03910zzLY5
Mahmud,Charette,mcharetteg1@usnews.com,Regional Center 8,section f,4v06Wf6uB0
Aldis,Cloney,acloneyg2@gnu.org,Regional Center 9,section f,DyPBH9qqfW
Celka,Manoch,cmanochg3@xinhuanet.com,Regional Center 10,section c,lm7iijSB3Q
Lucinda,Coyte,lcoyteg4@tripod.com,Regional Center 1,section b,Rlr0S8eQm0
Glenine,Clever,gcleverg5@geocities.com,Regional Center 2,section a,A58w7N2jcq
Gene,Chat,gchatg6@nasa.gov,Regional Center 3,section a,rwkk7gE7kg
Madelle,Koppke,mkoppkeg7@usda.gov,Regional Center 4,section f,HRpsd6xlc7
Ertha,Mowsdell,emowsdellg8@moonfruit.com,Regional Center 5,section a,7UH72XyVpk
Paulo,Hayer,phayerg9@unblog.fr,Regional Center 6,section b,1jvI4WjnQp
Mikey,Greim,mgreimga@gov.uk,Regional Center 7,section e,Qx6gm6qNN3
Ursulina,Dand,udandgb@bbc.co.uk,Regional Center 8,section d,q8SqA5FJyD
Darren,Stubbington,dstubbingtongc@hostgator.com,Regional Center 9,section d,no5NcmS035
Lincoln,Rogeon,lrogeongd@biblegateway.com,Regional Center 10,section f,3txD2T2eaW
Lucine,Ellery,lelleryge@phoca.cz,Regional Center 1,section b,A6464sB6U7
Liesa,Pasby,lpasbygf@amazon.de,Regional Center 2,section c,Ec6yECBbtm
Abner,Organ,aorgangg@jiathis.com,Regional Center 3,section c,fXqyHuRY1F
Ursulina,Kuhnke,ukuhnkegh@hugedomains.com,Regional Center 4,section f,L3RwTl187h
Calida,Carlow,ccarlowgi@barnesandnoble.com,Regional Center 5,section f,KV9QUYDfst
Kenyon,Sussans,ksussansgj@amazon.co.jp,Regional Center 6,section a,80r89iwkA4
Neddie,Guiot,nguiotgk@illinois.edu,Regional Center 7,section f,aC44BAnd70
Debor,Tribbeck,dtribbeckgl@posterous.com,Regional Center 8,section b,tqlKGDH25Y
Lennard,Mote,lmotegm@sphinn.com,Regional Center 9,section c,wyONhWI6QP
Brocky,Lamping,blampinggn@trellian.com,Regional Center 10,section f,0XhPOE5C24
